chr	position	NA12882_S1.naive.BAF	NA12882_S1.thesaurus.BAF	NA12882_2_S1.naive.BAF	NA12882_2_S1.thesaurus.BAF	Type
chr1	13470117	0.25	0.52	0.1739	0.4176	Concordant
chr1	13690953	0.2692	0.52	0.2444	0.4176	Concordant
chr1	120884038	0.2105	0.3167	0.2833	0.3882	Concordant
chr1	161539424	0.1071	0.359	0.1449	0.3359	Concordant
chr1	161621255	0.2639	0.359	0.1935	0.3359	Concordant
chr10	46932008	1	1	0.8	0.8	Concordant
chr10	46932364	1	1	1	1	Discordant
chr10	135507784	0.1064	0.4386	0.0842	0.4771	Concordant
chr11	80847	0.0909	0.3372	0.0897	0.25	Discordant
chr11	177030	0.2222	0.433	0.1757	0.3994	Concordant
chr11	71435894	0.0714	0.5417	0.0364	0.2301	Discordant
chr12	19886976	0.4545	0.4348	0.4872	0.413	Concordant
chr12	98902167	0.1132	0.3881	0	0	Discordant
chr13	53117948	0.1515	0.5439	0.1875	0.5283	Concordant
chr13	64322181	0.2703	0.3851	0.25	0.5316	Concordant
chr13	64405936	0.1957	0.3851	0.3415	0.5316	Concordant
chr14	19145751	0.35	0.6182	0.2308	0.4615	Concordant
chr14	19278773	0.2941	0.5686	0.3409	0.4835	Concordant
chr14	19494582	0.2222	0.4407	0.2308	0.5	Concordant
chr14	106039270	0.1053	0.4048	0.1321	0.4843	Concordant
chr14	106042291	0.2167	0.4356	0.1628	0.383	Concordant
chr14	106159398	0.0926	0.4048	0.14	0.4843	Concordant
chr14	106162217	0.1935	0.3596	0.1613	0.2766	Discordant
chr14	106162296	0.2195	0.4356	0.2157	0.383	Concordant
chr14	106165166	0.1064	0.4048	0.0676	0.4843	Concordant
chr14	107051273	0.4286	0.4286	0.5	0.5	Discordant
chr15	20631666	0.1022	0.2105	0.1761	0.3195	Discordant
chr15	21969443	0.1223	0.232	0.1955	0.3977	Discordant
chr16	28461179	0.1818	0.3333	0.1786	0.4751	Concordant
chr16	28781323	0.25	0.3845	0.2281	0.3937	Concordant
chr16	28790641	0.1111	0.3333	0.1111	0.4751	Concordant
chr16	32046257	0.1163	0.311	0.2143	0.5357	Concordant
chr16	32989822	0.0714	0.311	0.1296	0.5357	Concordant
chr16	33677896	0.1231	0.311	0.1897	0.5357	Concordant
chr17	16661404	0.1616	0.2791	0.2286	0.4438	Discordant
chr17	30355395	0.2576	0.597	0.2424	0.4715	Concordant
chr17	30418260	0.3382	0.597	0.2281	0.4715	Concordant
chr18	45189652	0.4583	0.336	0.5294	0.2835	Discordant
chr19	150477	0.0588	0.3372	0.0617	0.25	Discordant
chr2	87145776	0.2174	0.2791	0.28	0.3721	Discordant
chr2	114265995	0.0816	0.3441	0	0	Discordant
chr21	48102876	0.0784	0.4386	0.1364	0.4771	Concordant
chr22	16548136	0.2745	0.5686	0.1489	0.4835	Concordant
chr22	16677885	0.26	0.6182	0.2308	0.4615	Concordant
chr22	47088814	0.5211	0.5211	0.5	0.5	Concordant
chr22	51230503	0.2895	0.7476	0.25	0.5545	Discordant
chr3	75417773	0.0769	0.3019	0.0339	0.1613	Discordant
chr3	129727692	0.125	1	0.0244	0.2024	Discordant
chr4	3546858	0.0645	0.3478	0.0139	0.0623	Discordant
chr4	132628510	0.1111	0.3403	0.1186	0.4342	Concordant
chr4	132628512	0.1096	0.3271	0.1207	0.4158	Concordant
chr5	5610698	0.1136	0.1387	0.2391	0.3097	Discordant
chr5	20807376	0.1136	0.1136	0.1	0.1	Discordant
chr5	21340337	0.6486	0.6486	0.6591	0.6591	Concordant
chr5	42981463	0.6	1	0.5	0.9565	Concordant
chr5	69280309	0.1414	0.4468	0.2169	0.4219	Concordant
chr5	70429834	0.093	0.4468	0.0444	0.4219	Concordant
chr7	74191236	0.1552	0.381	0.1429	0.4258	Concordant
chr7	74584893	0.1282	0.381	0.1667	0.4258	Concordant
chr7	158124981	0.0659	1	0.0597	1	Discordant
chr8	110284	0.1311	0.3372	0.037	0.25	Discordant
chr8	7457846	0.283	0.6887	0.2923	0.6275	Concordant
chr8	7555295	0.1579	0.6887	0	0.6275	Concordant
chr9	38792948	0.1096	0.4406	0.1013	0.4412	Concordant
chr9	39928648	0.1081	0.7704	0	0.3913	Concordant
chr9	40045363	0.1667	0.4525	0.125	0.4548	Discordant
chr9	41283679	0.3333	0.5179	0.1899	0.2601	Concordant
chr9	42588289	0.0682	0.313	0.0845	0.3649	Concordant
chr9	42913628	0.0562	0.313	0.1011	0.3649	Concordant
chr9	44644287	0.2727	0.3077	0.4	0.9091	Concordant
chr9	44808009	0.0482	0.4	0.0152	0.122	Discordant
chr9	45153523	0.2449	0.4406	0.3091	0.4412	Concordant
chr9	46061275	0.0938	0.3271	0.0862	0.4158	Concordant
chr9	46061277	0.1094	0.3403	0.1017	0.4342	Concordant
chr9	65754571	0.1389	0.3571	0.069	0.1493	Discordant
chr9	66990114	0.2281	0.3234	0.0877	0.1356	Discordant
chr9	67086628	0.0857	0.313	0.0556	0.3649	Concordant
chr9	69926088	0.186	0.3102	0.0833	0.1667	Discordant
chrX	483194	0.3478	0.4103	0.1429	0.2439	Discordant
chrX	56419126	0.72	0.72	0.5667	0.5667	Concordant
chrX	58560451	0.3214	0.3214	0	0	Discordant
chrX	66766356	0.9459	0.9459	0.6667	0.6667	Discordant
chrX	90012352	0.8621	1	0.6875	0.5306	Concordant
chrY	286578	0.25	0.3429	0.0556	0.1395	Discordant
chrY	2015751	1	1	0	0	Discordant
chrY	2015752	1	1	0.5	1	Discordant
chrY	3271292	0.125	0.3922	0.0357	0.0909	Discordant
chrY	4311298	0.3333	0.3333	0	0	Discordant
chrY	6107217	0.5517	1	0.5714	1	Concordant
chrY	6272020	0.5	1	0.3214	0.7719	Concordant
chrY	9598350	0.5	1	0.4483	0.7719	Concordant
chrY	9752840	0.5417	1	0.4483	1	Concordant
chrY	17989722	0.2917	1	0.3103	0.875	Concordant
chrY	18013837	0.72	1	0.5429	0.875	Concordant
chrY	24092157	0.32	0.9778	0.2857	0.8081	Concordant
chrY	24210341	0.6	0.8539	0.3077	0.5161	Concordant
chrY	24668346	0.3571	0.8539	0.1176	0.5161	Concordant
chrY	24786532	0.1667	0.9778	0.1765	0.8081	Concordant
chrY	25701950	0.1667	0.9778	0.2424	0.8081	Concordant
chrY	26004075	0.3684	0.7	0.5455	0.9697	Concordant
chrY	26060458	0.5357	0.9	0.4286	0.9615	Concordant
chrY	26304585	0.5909	0.8372	0.55	1	Concordant
chrY	26333479	0.5	1	0.3043	0.7308	Concordant
chrY	26358941	0.619	0.8947	0.6667	0.875	Concordant
chrY	27603495	0.2353	0.5258	0.1429	0.6462	Concordant
chrY	27628954	0.5	1	0.4138	0.7308	Concordant
chrY	27657853	0.2381	0.8372	0.5	1	Concordant
chrY	27901947	0.375	0.9	0.5417	0.9615	Concordant
chrY	27958323	0.3333	0.7	0.4242	0.9697	Concordant
chrY	28260961	0.3529	0.9778	0.0476	0.8081	Concordant
chr1	145934738	0.0909	0.6338	0.1786	0.7105	Discordant
chr1	147476445	0	0.6338	0.1579	0.7105	Discordant
chr1	147832641	0.0357	0.1045	0.1379	0.5833	Discordant
chr11	71332239	0.0133	0.0895	0.0667	0.593	Discordant
chr1	206183210	0.0423	0.3167	0.0794	0.3882	Discordant
chr14	106045233	0.1034	0.4048	0.1739	0.4843	Discordant
chr14	106206764	0.0278	0.1094	0.1562	0.5556	Discordant
chr14	106241357	0.5	0.0612	1	0.3333	Discordant
chr15	21317865	0.25	0.25	0.75	0.75	Discordant
chr19	14503860	0.0526	0.1678	0.125	0.4932	Discordant
chr22	51229269	0.0682	0.4386	0.1	0.4771	Discordant
chr2	307025	0.1034	0.2069	0.1471	0.3226	Discordant
chr2	99240696	0.0385	0.3265	0.0851	0.7111	Discordant
chr5	42981927	0.6	1	0.4545	0.9565	Discordant
chr7	17474	0.0274	0.433	0.0769	0.3994	Discordant
chr7	72637536	0.069	0.381	0.1154	0.4258	Discordant
chr8	7905843	0.069	0.6887	0.1613	0.6275	Discordant
chr9	40890832	0.1053	0.9375	0.16	1	Discordant
chr9	41114167	0.0667	0.9231	0.5	1	Discordant
chr9	45624780	0.0152	0.3613	0.0617	0.4438	Discordant
chr9	46449101	0.0441	0.3403	0.1321	0.4342	Discordant
chr9	46449103	0.0448	0.3271	0.1321	0.4158	Discordant
chr9	66249194	0.0333	0.313	0.0513	0.3649	Discordant
chrX	33594477	0.0645	1	0.15	1	Discordant
chrY	19997392	0.0571	0.3529	0.1667	1	Discordant
chrY	19997401	0.0571	0.2581	0.125	0.5333	Discordant
chrY	28705582	0.1071	0.5714	0.1154	0.3913	Discordant
